name,password,age,duration
alice,alice123,25,115
bob,bob123,30,130
charlie,charlie321,28,122
david,david321,29,145
eva,eva456,22,90
frank,frank999,27,125
grace,grace000,26,87
hannah,hannah777,24,140
ian,ian000,26,100
julia,julia888,29,150
kyle,kyle123,31,130
lisa,lisa321,32,135
mike,mike001,33,110
nina,nina789,20,105
oliver,oliver555,35,80
paul,paul000,26,145
quinn,quinn123,23,70
rose,rose321,21,95
sam,sam123,30,130
tina,tina456,32,90
charlie,charlie321,28,122
kyle,kyle123,31,130
eva,eva456,22,90
